pl,mig
Mój dziadek jest inwalidą wojennym i otrzymuję rentę z zus.,Mój dziadek inwalida wojna renta zus mieć
Czy ma Pan legitymację kombatancką?,Ty legitymacja kombatant mieć
Mam wezwanie na komisje lekarską.,Ja komisja lekarska wezwanie mieć
Moja mama otrzymuje rentę krus.,Moja mama renta krus mieć
Czy ma Pani ukończony kurs rolniczy?,Ty kurs rolniczy mieć
Czy ma Pan ukończony kurs rolniczy?,Ty kurs rolniczy mieć
Ja pracuję na gospodarstwie rolnym.,Ja gospodarstwo rolne praca mieć
Mój brat jest kawalerem.,Mój brat kawaler być
Ja płacę duży rachunek za gaz i elektryczność.,Ja gaz elektrycznosc rachunek drogo płacić
W jakim sklepie można zrobić tanie zakupy?,Sklep gdzie zakupy tanio
W jakim sklepie można zrobić tanie zakupy?,Sklep gdzie jest tanio
Muszę wysłać faks.,Ja faks musieć wysłać
Poproszę o Pani numer telefonu?,Ja prosić ty telefon numer dać mi
Poproszę o Pana numer telefonu?,Ja prosić ty telefon numer dać mi
Ile to kosztuje?,To ile kosztować
Czy mogę otrzymać ulgę w opłacie czynszu?,Czynsz ulga można
Ukradli mi wszystkie pieniądze.,Ja pieniądze strata ukraść
Muszę oszczędzać pieniądze.,Ja pieniądze oszczędzać musieć
Osobie niepełnosprawnej trzeba pomóc wykąpać się.,Osoba niepełnosprawna kąpać pomoc musieć
Dzieci nie lubią myć zębów.,Dzieci zęby myć nie lubić
Potrzebuję nową lodówkę i kuchenkę ale są za drogie.,Ja lodówka kuchenka nowa potrzeba ale drogo
Trzeba zrobić remont w pokojach dla dzieci.,Pokój dzieci remont potrzeba robić
Babcia nie może kąpać się w wannie i potrzebny jest prysznic.,Babcia kąpiel wanna niemożliwe prysznic potrzeba
Czy dyrektor mops wydał decyzję w mojej sprawie?,Dyrektor mops decyzja moja sprawa już
Proszę podpisać to oświadczenie.,Ja prosić ty oświadczenie podpis
Gdzie można zgłosić przemoc w mojej rodzinie.,Moja rodzina przemoc pomoc gdzie załatwić
Czy na policji jest tłumacz języka migowego?,Policja tłumacz jest
Czy Pani mąż jest agresywny?,Twój mąż agresja być
Mąż mnie pobił i byłam hospitalizowana w szpitalu.,Mąż bić mnie ja w szpital być
Czy sytuacja rodzinna zmieniła się na lepsze?,Twoja rodzina teraz lepiej być
Proszę opowiedzieć co wydarzyło się w Pani rodzinie.,Ty powiedzieć co wydarzyło twoja rodzina
Czy ma Pani krewnych lub przyjaciół którzy mogą pomóc?,Ty krewny przyjaciel pomagać otrzymać uda
Czy ma Pani krewnych lub przyjaciół którzy mogą pomóc?,Ty krewny przyjaciel pomagać otrzymać można
Otrzymałam dofinansowanie na zakup odzieży dla dzieci.,Odzież dzieci dofinansowanie otrzymać
Czy w łazience jest ciepła woda?,Łazienka ciepła woda jest
Czy wyjeżdżacie z dziećmi na urlop.,Dzieci urlop razem wyjazd
Mąż jest w sanatorium.,Mąż jest sanatorium
Głusi jadą na turnus rehabilitacyjny.,Głusi turnus rehabilitacja wyjazd
Kiedy w tym roku zaczynają się wakacje?,Wakacje teraz kiedy zaczynać
Mój dom jest stary i zimny.,Dom mój stary zimno jest
Rzadko palę papierosy.,Ja papierosy palić rzadko
Brakuje mi pieniędzy i nie mogę kupić wszystkich lekarstw.,Ja lekarstwa kupić niemożliwe pieniądze brakowac
Brakuje mi pieniędzy i nie mogę kupić wszystkich lekarstw.,Ja lekarstwa kupić pieniądze skąd
Ja mam bezpłatny urlop.,Ja urlop bezpłatny mieć
W którym roku była II wojna światowa.,Wojna światowa 2 kiedy było
W którym roku była II wojna światowa.,Wojna światowa 2 kiedy rok
Proszę zawiadomić opiekę społeczną o trudnej sytuacji rodzinnej.,Ty opieka społeczna zgłosić rodzina problem
Otrzymałam zasiłek z pomocy społecznej.,Ja zasiłek pomoc społeczna otrzymać
Jak długo można otrzymywać zasiłek dla bezrobotnych w rzeszowie?,Zasiłek bezrobotny rzeszów jak długo można
Na jakiej ulicy jest zakład karny?,Zakład karny ulica nazwa jak
Gdzie jest Pan zameldowany?,Ty zameldowanie gdzie
Co to jest zasiłek opiekuńczy?,Zasiłek opiekuńczy wytłumaczyć
Czy otrzymuje Pani zasiłek opiekuńczy na niepełnosprawne dziecko?,Ty zasiłek dziecko niepełnosprawne otrzymywać
Osoby głuche nie idą do wojska.,Głusi wojsko nie można
Czekam na wypis ze szpitala.,Szpital wypis ja czekać
Ja nie mam pracy i potrzebuję zasiłku.,Ja praca nie mieć ja zasiłek potrzeba
Moje dzieci nie mają kurtek na zimę.,Moje dzieci kurtek zima nie mieć
Czy mops może dofinansować obiady dla moich dzieci w szkole?,Mops dofinansowanie obiad dzieci moje można
Czy mogę otrzymać dofinansowanie na zakup podręczników i przyborów szkolnych?,Książka szkoła dofinansowanie można
Jestem chora i proszę o dofinansowanie do zakupu lekarstw.,Ja choroba dofinansowanie leki można
Jestem chory i proszę o dofinansowanie do zakupu lekarstw.,Ja choroba dofinansowanie leki można
Jak długo trwa przemoc w rodzinie?,Rodzina przemoc jak długo
Psycholog myśli że sprawa jest bardzo trudna.,Psycholog myśleć sprawa trudna
Nasz syn ma kłopoty z narkotykami i dopalaczami.,Syn narkotyki dopalacze problem
Jakie plany i marzenia ma Pani córka?,Twoja córka co marzenie
Jakie plany i marzenia ma Pana córka?,Twoja córka co marzenie
Jakie plany i marzenia ma Pani córka?,Twoja córka jakie marzenie
Jakie plany i marzenia ma Pana córka?,Twoja córka jakie marzenie
Czy wiesz jakie są przyczyny agresji?,Agresja powód jak
Czy wiesz jakie są przyczyny agresji?,Agresja powód dlaczego
Proszę przypomnieć sobie co się jeszcze wydarzyło.,Co wydarzyło ty przypomnij
Czy ma Pani zaświadczenie o zarobkach?,Ty zarobki zaświadczenie mieć
Czy ma Pan zaświadczenie o zarobkach?,Ty zarobki zaświadczenie mieć
Gdzie mogę otrzymać dodatek mieszkaniowy?,Dodatek mieszkaniowy gdzie otrzymać jak
Gdzie mogę otrzymać dodatek mieszkaniowy?,Dodatek mieszkaniowy gdzie załatwić jak
Czy w moim powiecie mogę otrzymać mieszkanie socjalne?,Mieszkanie socjalne powiat ja otrzymać można
O której godzinie przyjdzie pracownik socjalny?,Pracownik socjalny która godzina przyjsc
Ja nie rozumiem wszystkich pytań z ankiety.,Pytania ankieta ja nie rozumieć
Czy pracownik socjalny umie migać?,Pracownik socjalny migać umieć
Ja nie umiem dobrze czytać i pisać.,Ja czytać pisać słabo
Ja nie umiem dobrze czytać i pisać.,Słabo czytam piszę
Dlaczego Pani nie szuka pracy?,Ty praca nie mieć dlaczego nie szukać pracy
Dlaczego Pan nie szuka pracy?,Ty praca nie mieć dlaczego nie szukać pracy
Ja nie chce pracować bo mam rentę.,Ja mieć renta praca nie chcieć
Czy Pani ma rodzinę?,Ty rodzina mieć
Czy Pan ma rodzinę?,Ty rodzina mieć
Czy Pani ma syna czy córkę?,Ty syn córka mieć
Czy Pan ma syna czy córkę?,Ty syn córka mieć
Czy Pani ma syna czy córkę?,Czy masz syn czy córka
Czy Pan ma syna czy córkę?,Czy masz syn czy córka
Proszę pokazać legitymację.,Ja prosić ty legitymacja pokazać
Czy ma Pani dokumenty?,Ty dokumenty mieć
Czy ma Pan dokumenty?,Ty dokumenty mieć
Proszę czekać na przyjazd rodziny.,Ja prosić ty czekać twoja rodzina przyjechać
Kiedy przyjdzie tłumacz języka migowego?,Tłumacz migać kiedy przyjść
Kiedy przyjdzie tłumacz języka migowego?,Czekać tłumacz przyjdzie
Proszę powiedzieć czy ma Pani dzieci?,Ty dzieci mieć
Proszę powiedzieć czy ma Pan dzieci?,Ty dzieci mieć
Jaki ma Pani numer domu?,Ty dom numer jaki mieć
Jaki ma Pan numer domu?,Ty dom numer jaki mieć
Jaki ma Pani numer domu?,Jaki twój dom numer
Jaki ma Pan numer domu?,Jaki twój dom numer
Czy potrzebuje Pani pomocy?,Ty pomagać potrzeba
Czy potrzebuje Pan pomocy?,Ty pomagać potrzeba
Czy potrzebuje Pani pomocy?,Czy ty pomagać potrzeba
Czy potrzebuje Pan pomocy?,Czy ty pomagać potrzeba
Mąż codziennie chodzi do pracy.,Mąż praca codziennie iść
Żona codziennie chodzi do pracy.,Żona praca codziennie iść
Proszę wpisać nip.,Ty nip pisać tu
Jakie Pani ma obywatelstwo?,Ty obywatelstwo jakie
Jakie Pan ma obywatelstwo?,Ty obywatelstwo jakie
Moja siostra jest panną.,Moja siostra panna być
Proszę przynieść akt małżeństwa.,Ty akt małżeństwo przynieść
Proszę przynieść akt małżeństwa.,Ty akt małżeństwo dać
Od tej decyzji może Pani odwołać się do sądu w terminie 30 dni.,Decyzja odwołanie można 30 dni termin
Od tej decyzji może Pan odwołać się do sądu w terminie 30 dni.,Decyzja odwołanie można 30 dni termin
Ja mam orzeczenie o umiarkowanym stopniu niepełnosprawności.,Ja orzeczenie umiarkowany stopień mieć
Proszę o wypis z księgi wieczystej.,Ty ksiega wieczysta wypis potrzeba mieć
Proszę o wypis z księgi wieczystej.,Ty ksiega wieczysta wypis potrzeba dać
Ten mężczyzna jest niezdolny do pracy.,Ten mężczyzna praca niezdolny
Lekarz orzecznik komisji lekarskiej przyjmuje w gabinecie numer 7.,Lekarz komisja pokój 7 przyjmować
Moja rodzina jest biedna i potrzebuje pomocy.,Moja rodzina bieda pomoc potrzeba
Czy moje dzieci mogą otrzymać pomoc w nauce?,Moje dzieci nauka pomoc można
Moja rodzina otrzymała pomoc żywnościową z mops-u.,Moja rodzina pomoc żywność mops otrzymac udało
Ja nie mogę jeść mięsa.,Ja mięso jeść nie wolno
Dzisiaj nie było wody w domu.,Ciepła woda dziś dom nie było
Dzisiaj nie było wody w domu.,Mój dom nie ma wody
Czy zrobić Pani kawę czy herbatę?,Ty herbata kawa chcieć
Czy zrobić Panu kawę czy herbatę?,Ty herbata kawa chcieć
Dla dzieci trzeba codziennie gotować obiady.,Ty obiad dzieci codziennie gotować
Czy osoby chore mogą pić kawę?,Chory kawa pić można
Na śniadanie trzeba kupić chleb mleko i ser.,Śniadanie chleb mleko ser kupić trzeba
Dzieci nie mogą pić alkoholu.,Alkohol dzieci nie wolno pić
Na jakiej ulicy jest miejski ośrodek pomocy społecznej?,Mops ulica jak
Na jakiej ulicy jest miejski ośrodek pomocy społecznej?,Mops adres jak
Na jakiej ulicy jest miejski ośrodek pomocy społecznej?,Mops numer jak
Na jakiej ulicy jest miejski ośrodek pomocy społecznej?,Mops nazwa jak
Na jakiej ulicy jest miejski ośrodek pomocy społecznej?,Mops ulica jaki numer
Czy ma Pani rentę socjalną?,Ty renta socjalna mieć
Czy ma Pan rentę socjalną?,Ty renta socjalna mieć
Czy ma Pani rentę socjalną?,Czy ty renta socjalna mieć
Czy ma Pan rentę socjalną?,Czy ty renta socjalna mieć
Jak wyglądają warunki mieszkaniowe Pani rodziny?,Twoje mieszkanie jak wygląda
Jak wyglądają warunki mieszkaniowe Pana rodziny?,Twoje mieszkanie jak wygląda
Jakiej pomocy Pani potrzebuje?,Ty pomoc potrzeba co
Jakiej pomocy Pan potrzebuje?,Ty pomoc potrzeba co
Jakiej pomocy Pani potrzebuje?,Co potrzeba pomoc
Jakiej pomocy Pan potrzebuje?,Co potrzeba pomoc
Jaki jest dochód miesięczny państwa rodziny?,Ty rodzina zarobek miesiąc ile
Proszę dokładnie odpowiedzieć na moje pytanie.,Ja pytać ty odpowiedź dokładnie
Proszę dokładnie odpowiedzieć na moje pytanie.,Proszę ty musieć dokładnie odpowiedź
Proszę usiąść ponieważ będziemy musieli napisać wywiad.,Ja prosić ty siadać wywiad pisać razem musieć
Tu jest rejestracja do lekarza rodzinnego.,Rejestracja lekarz rodzinny tu
Czy można pracować i otrzymywać rentę socjalną?,Praca I renta socjalna można
Kiedy będzie sprawa rozwodowa?,Rozwód sąd kiedy
Codziennie przychodzi do babci pielęgniarka.,Pielęgniarka babcia codziennie przychodzić
Wczoraj był pogrzeb mojego dziadka.,Dziadek pogrzeb wczoraj było
Ja jestem polakiem.,Ja polak
Na kurs języka migowego dostałem dofinansowanie z pfron.,Ja kurs migowy dofinansowanie pfron udało
Gdzie jest sekretariat?,Sekretariat gdzie
Proszę zostawić dokumenty w biurze.,Ty dokumenty biuro zostawić
Czy ma Pani zasiłek pielęgnacyjny?,Ty zasiłek pielęgnacyjny mieć
Czy ma Pan zasiłek pielęgnacyjny?,Ty zasiłek pielęgnacyjny mieć
Będzie Pani miała konsultacje i pomoc psychologiczną.,Ty rozmowa pomoc psycholog mieć
Bałam się o moją rodzinę,Ja rodzina martwić co wydarzyć
Bałam się o moją rodzinę,Ja rodzina bać co wydarzyć
Czy było zagrożenie życia i zdrowia?,Zdrowie życie niebeziecznie być co wydarzyło
Czy mąż pije alkohol?,Twój mąż alkohol pić
Czy była wczoraj interwencja policji?,Policja wczoraj być pomagać
Policja założyła Pani rodzinie niebieską kartę.,Policja niebieska karta twoja rodzina robić
Wczoraj wezwałam policję i pogotowie ponieważ mąż się awanturował i uderzył dziecko.,Ja policja wczoraj wezwać mąż awantura robi
Dzisiaj w nocy ewakuowano wszystkich mieszkańców bloku nr 2 na naszej ulicy.,Noc wszyscy blok wyjść
Dzisiaj w nocy ewakuowano wszystkich mieszkańców bloku nr 2 na naszej ulicy.,Noc wszyscy blok uciekać
Proszę podać datę urodzenia.,Ty urodzić data kiedy
Kiedy ma Pani termin porodu?,Ty poród termin kiedy
Proszę przynieść świadectwo urodzenia córki.,Ty córka świadectwo urodzić przynieść
Czy zakład pracy ubezpiecza pracowników?,Zakład ubezpieczenie pracownicy ma
Jaki jest Pana stan cywilny?,Ty kawaler
Jaki jest Pani stan cywilny?,Ty panna
Jaki jest Pana stan cywilny?,Ty wdowa
Jaki jest Pani stan cywilny?,Ty wdowiec
Kiedy zmarła twoja babcia?,Twoja babcia śmierć kiedy
Jak długo są państwo w separacji?,Separacja wy jak długo
Ja mam skierowanie na komisję zus.,Ja skierowanie komisja mieć
Mój tata jest na świadczeniu przedemerytalnym?,Mój tata świadczenie przedemerytalne mieć
Proszę mi wytłumaczyć co to jest świadczenie rehabilitacyjne.,Proszę wytłumaczyć świadczenie rehabilitacyjne
Dzień dobry Pani proszę usiąść.,Dzień dobry siadać prosić
Dzień dobry Panu proszę usiąść.,Dzień dobry siadać prosić
Jak się Pani nazywa?,Nazwisko ty
Jak się Pan nazywa?,Nazwisko ty
Proszę tu napisać imię i nazwisko.,Nazwisko imię pisać tu
Proszę pokazać dowód osobisty.,Twój dowód osobisty pokazać mi
Jak się Pani czuję?,Ty czuć jak
Jak się Pan czuję?,Ty czuć jak
Czy Pani mnie rozumie?,Ty rozumieć mnie
Czy Pan mnie rozumie?,Ty rozumieć mnie
Proszę do mnie migać powoli.,Ja prosić ty migać powoli
Dziękuję do widzenia.,Dziękować do widzenia
Czy mieszka Pani w domu jednorodzinnym?,Ty dom jednorodzinny mieszkać
Czy mieszka Pan w domu jednorodzinnym?,Ty dom jednorodzinny mieszkać
Proszę pokazać akt zgonu ojca.,Twój ojciec śmierć ty akt zgonu pokazać
Proszę zrobić badanie audiogramem.,Audiogram ty zrobić potrzeba
Czy należy mi się emerytura pomostowa?,Ja emerytura pomostowa można
Czy należy mi się emerytura pomostowa?,Ja emerytura pomostowa uda
Ja pracowałam 5 lat za granicą.,Ja praca za granicą 5 lat
Mój syn był aresztowany za posiadanie narkotyków.,Mój syn narkotyki areszt
Czy mogę starać się o ekwiwalent węglowy na zimę?,Ja ekwiwalent węgiel zima otrzymać
Czy mogę starać się o ekwiwalent węglowy na zimę?,Ja ekwiwalent węgiel zima można
Czy mogę starać się o ekwiwalent węglowy na zimę?,Ja ekwiwalent węgiel zima uda
Ta niebezpieczna sytuacja wkrótce się skończy proszę się nie martwić.,Ty martwić nie musieć kłopot koniec blisko
Czy pamiętasz co się stało?,Co wydarzyło ty pamiętać
Czy pamiętasz co się stało?,Co stało ty pamiętać
O której godzinie jedzie autobus do miasta?,Autobus miasto która godzina jechać
Spotkamy się na przystanku o godzinie 17.00.,Spotkać przystanek godzina 17.00
Pociąg przyjedzie za 40 minut.,Pociąg 40 minut będzie
Idę na pocztę wysłać list.,Ja poczta iść list wysłać
Poproszę 1 znaczek na list.,Ja prosić znaczek list
Wysłałam e-mail do starostwa powiatowego.,Ja email starostwo wysłać
Ile kosztuje bilet miejski w rzeszowie?,Bilet autobus miasto rzeszów ile koszt
Gdzie Pani mieszka?,Ty mieszkać gdzie
Gdzie Pan mieszka?,Ty mieszkać gdzie
Gdzie Pani mieszka?,Ty gdzie mieszkać
Gdzie Pan mieszka?,Ty gdzie mieszkać
Gdzie Pani mieszka?,Gdzie ty mieszkasz
Gdzie Pan mieszka?,Gdzie ty mieszkasz
Czy Pani pracuje?,Ty praca mieć
Czy Pan pracuje?,Ty praca mieć
Jaki Pani ma zawód?,Ty zawód jak wygląda
Jaki Pan ma zawód?,Ty zawód jak wygląda
Jaki Pani ma zawód?,Jaki ty zawód
Jaki Pan ma zawód?,Jaki ty zawód
Jaki Pani ma stopień niepełnosprawności?,Ty inwalida stopień jak wygląda
Jaki Pan ma stopień niepełnosprawności?,Ty inwalida stopień jak wygląda
Czy ma Pani orzeczenie o niepełnosprawności na stałe?,Ty orzeczenie niepełnosprawny stałe mieć
Czy ma Pan orzeczenie o niepełnosprawności na stałe?,Ty orzeczenie niepełnosprawny stałe mieć
Ja jestem bezrobotny i szukam pracy.,Ja praca nie mieć ja praca szukać
Ile ma Pani lat?,Ty lat ile
Ile ma Pan lat?,Ty lat ile
Ile ma Pani lat?,Ile masz lat
Ile ma Pan lat?,Ile masz lat
Ja pracuję w zakładzie pracy chronionej.,Ja praca zakład ochrona
Ja mam zasiłek dla bezrobotnych od 2 miesięcy.,Ja zasiłek bezrobotny mieć 2 miesiąc
Czy Pani ma emeryturę czy rentę?,Ty emerytura renta mieć
Czy Pan ma emeryturę czy rentę?,Ty emerytura renta mieć
Którą ma Pani grupę renty?,Ty emerytura renta grupa jak wygląda
Którą ma Pan grupę renty?,Ty emerytura renta grupa jak wygląda
Którą ma Pani grupę renty?,Jaka ma grupa renty I II III
Którą ma Pan grupę renty?,Jaka ma grupa renty I II III
Gdzie mam wpisać pesel.,Pesel pisać gdzie
Gdzie mam wpisać pesel.,Pesel potrzeba gdzie
Od 3 miesięcy otrzymuję rentę inwalidzką.,Ja renta 3 miesiące już mieć
Czy ma Pani telewizor w domu?,Ty telewizor dom mieć
Czy ma Pan telewizor w domu?,Ty telewizor dom mieć
Czy ma Pani telewizor w domu?,Czy masz telewizor
Czy ma Pan telewizor w domu?,Czy masz telewizor
Czy w domu jest łazienka?,Ty łazienka dom mieć
Czy w domu jest łazienka?,Czy masz łazienkę
To jest numer pogotowia ratunkowego 999.,Pogotowie ratunkowe telefon numer 999
Musimy Panią zbadać.,Ty badanie musieć
Musimy Pana zbadać.,Ty badanie musieć
Trzeba wezwać pogotowie.,Pogotowie wezwać musieć
Pan miał zawał serca.,Ty zawał było
Pan miał zawał udar.,Ty udar było
Pan miał zawał wylew.,Ty wylew było
Pani miała zawał serca.,Ty zawał było
Pani miała zawał udar.,Ty udar było
Pani miała zawał wylew.,Ty wylew było
Musimy zabrać Panią do szpitala.,Ty szpital jechać musieć
Musimy zabrać Pana do szpitala.,Ty szpital jechać musieć
Damy Pani zastrzyk.,Ty zastrzyk musieć
Damy Pani zastrzyk.,Ty zastrzyk mieć
Damy Panu zastrzyk.,Ty zastrzyk musieć
Damy Panu zastrzyk.,Ty zastrzyk mieć
Damy Pani kroplówka.,Ty kroplówka musieć
Damy Pani kroplówka.,Ty kroplówka mieć
Damy Panu kroplówka.,Ty kroplówka musieć
Damy Panu kroplówka.,Ty kroplówka mieć
Zbadamy Pani tętno.,Ty tętno badać musieć
Zbadamy Panu tętno.,Ty tętno badać musieć
Zbadamy Pani ciśnienie.,Ty ciśnienie badać musieć
Zbadamy Panu ciśnienie.,Ty ciśnienie badać musieć
Proszę oddychać.,Prosić teraz ty oddychać
Zrobimy prześwietlenie.,Ty prześwietlenie być
Zrobimy usg.,Ty usg być
Zrobimy ekg.,Ty ekg być
Zrobimy rezonans.,Ty rezonans być
Zrobimy tomograf.,Ty tomograf być
Co się stało?,Stało co
Proszę usiąść na wózek inwalidzki.,Ja prosić ty wózek inwalidzki siadać
Rak to choroba trudna do leczenia.,Rak leczenie trudno
Proszę się nie martwić będzie dobrze.,Prosić ty dobrze będzie martwić nie
Proszę oddychać zbadam płuca.,Prosić ty teraz oddychać ja płuca badać musieć
Trzeba zrobić prześwietlenie.,Ty prześwietlenie zrobić musieć
Trzeba zrobić usg.,Ty usg zrobić musieć
Trzeba zrobić ekg.,Ty ekg zrobić musieć
Trzeba zrobić rezonans.,Ty rezonans zrobić musieć
Trzeba zrobić tomograf.,Ty tomograf zrobić musieć
Ja jestem zmęczona.,Ja zmęczenie
Mam problemy z ciśnieniem.,Ja ciśnienie problem
Jakie masz ciśnienie krwi?,Ty ciśnienie krwi jak wyglądać
Operacja jest ryzykowna.,Operacja ryzyko jest
Trzeba kupić krople do oka.,Ja krople oko kupić musieć
Trzeba kupić krople ucha.,Ja krople ucho kupić musieć
Trzeba kupić krople nosa.,Ja krople nos kupić musieć
Jestem w szpitalu.,Ja szpital jest
Pani musi mieć operację.,Ty operacja musieć
Pan musi mieć operację.,Ty operacja musieć
Jakie ma Pani stanowisko pracy?,Ty praca stanowisko jak wygląda
Jakie ma Pan stanowisko pracy?,Ty praca stanowisko jak wygląda
Co robisz w pracy?,Ty praca robić co?
Ja jestem bezrobotny.,Nie mam praca
Ja nie pracuję jestem na rencie.,Nie mam praca mam renta
Ja nie pracuję jestem na emeryturze.,Nie mam praca mam emerytura
Ja mam II grupa renty.,II grupa renta ja mieć
Ja mam III grupa renty.,III grupa renta ja mieć
Ja mam 2 grupa renty.,II grupa renta ja mieć
Ja mam 3 grupa renty.,III grupa renta ja mieć
Ja mam III grupę nie mam renty.,Ja III grupa mieć renta nie mieć
Ja mam 3 grupę nie mam renty.,Ja III grupa mieć renta nie mieć
Ja mam zasiłek dla bezrobotnych.,Ja zasiłek bezrobotny mieć
Ile masz renty?,Ty renta ile
Ile masz emerytury?,Ty emerytura ile
Ile masz lat pracy?,Ty praca lat ile
Ja pracuję 20 lat.,Już 20 lat praca
Ja szukam pracy.,Ja praca szukać
Proszę pokazać dowód osobisty.,Prosić ty dowód pokazać
Proszę dać dowód osobisty.,Prosić ty dowód dać
Proszę pokazać ubezpieczenie.,Prosić ty ubezpieczenie pokazać
Proszę dać ubezpieczenie.,Prosić ty ubezpieczenie dać
Proszę się tu położyć.,Prosić ty położyć tu
Proszę iść do gabinetu badań.,Prosić ty gabinet badanie iść
Pani będzie badana.,Ty badanie mieć
Pan będzie badany.,Ty badanie mieć
Pani będzie mieć badanie krwi.,Ty krew badanie mieć
Pan będzie mieć badanie krwi.,Ty krew badanie mieć
Pani będzie mieć badanie moczu.,Ty mocz badanie mieć
Pan będzie mieć badanie moczu.,Ty mocz badanie mieć
Pani musi zostać w szpitalu.,Ty szpital zostać musieć
Pan musi zostać w szpitalu.,Ty szpital zostać musieć
Kogo mamy zawiadomić?,Ty rodzina mieć my zawiadomić musieć
Kogo mamy zawiadomić?,Ty kolega mieć my zawiadomić musieć
Proszę podać kontakt do rodziny.,Ty telefon rodziny mieć
Proszę podać kontakt do rodziny.,Ty telefon rodziny dać
Proszę podać kontakt do rodziny.,Ty sms rodziny mieć
Proszę podać kontakt do rodziny.,Ty sms rodziny dać
Proszę zostawić ubranie w szatni.,Ty ubranie szatnia zostawić
Proszę ubranie dać rodzinie.,Ty ubranie rodzinie dać
Pani musi mieć operację.,Ty operacja mieć musieć
Pan musi mieć operację.,Ty operacja mieć musieć
Ja słabo widzę I noszę okulary.,Słabo widzę dlatego okulary mieć
Ja słabo słyszę I noszę aparat słuchowy.,Słabo słyszę dlatego aparat mieć
Pani musi czekać na konsultację z lekarzem.,Ty czekać lekarz spotkanie
Pan musi czekać na konsultację z lekarzem.,Ty czekać lekarz spotkanie
Do lekarza można rejestrować się telefonicznie.,Lekarz rejestracja tel. można
Do lekarza można rejestrować się sms.,Lekarz rejestracja sms można
Do lekarza można rejestrować się e-mail.,Lekarz rejestracja email można
Lekarz za chwile przyjdzie proszę czekać.,Prosić ty czekać lekarz za chwilę przyjść
Pielęgniarka za chwile przyjdzie proszę czekać.,Prosić ty czekać pielęgniarka za chwilę przyjść
Pani jest chora na grypę.,Ty choroba grypa
Pan jest chory na grypę.,Ty choroba grypa
Pani jest chora na anginę,. ty choroba angina
Pan jest chora na anginę.,Ty choroba angina
Papierosy niszczą zdrowie.,Papierosy zdrowie niszczyć
Alkohol niszczy zdrowie.,Alkohol zdrowie niszczyć
Narkotyki niszczą zdrowie.,Narkotyki zdrowie niszczyć
Pani ma reumatyzm.,Ty choroba reumatyzm
Pan ma reumatyzm.,Ty choroba reumatyzm
Pani ma nowotwór-rak.,Ty choroba rak
Pan ma nowotwór-rak.,Ty choroba rak
Muszę zanieść wyniki badań lekarzowi.,Wyniki badanie moje do lekarz dać muszę
Muszę zanieść wyniki badań lekarzowi.,Wyniki badanie moje lekarz dać muszę
Proszę jutro przynieść audiogram.,Ty audiogram jutro przynieść
Kiedy Pani wykona badanie krwi?,Ty badanie krwi wykonasz kiedy
Kiedy Pan wykona badanie krwi?,Ty badanie krwi wykonasz kiedy
Kiedy Pani przyniesie skierowanie?,Ty skierowanie przynieść kiedy
Kiedy Pan przyniesie skierowanie?,Ty skierowanie przynieść kiedy
Gdzie jest szpital?,Szpital gdzie
Gdzie jest apteka?,Apteka gdzie
Gdzie jest szatnia w szpitalu?,Szpital w tym szatnia gdzie
Gdzie jest szatnia w przychodni?,Przychodnia w tym szatnia gdzie
Pani jest poważnie chora.,Ty choroba poważnie
Pan jest poważnie chory.,Ty choroba poważnie
Ja złamałam nogę na ulicy.,Ja noga ulica złamać
Ja złamałam rękę na ulicy.,Ja ręka ulica złamać
Ja złamałem nogę na ulicy.,Ja noga ulica złamać
Ja złamałem rękę na ulicy.,Ja ręka ulica złamać
Nie mam tabletek przeciwbólowych.,Ja tabletki przeciw ból nie mieć
Czy Pani dobrze widzi I słyszy?,Ty widzieć słyszeć dobrze
Czy Pan dobrze widzi I słyszy?,Ty widzieć słyszeć dobrze
Pani potrzebna jest rehabilitacja.,Ty rehabilitacja musieć
Panu potrzebna jest rehabilitacja.,Ty rehabilitacja musieć
Pani będzie mieć kroplówkę.,Ty kroplówka mieć
Pan będzie mieć kroplówkę.,Ty kroplówka mieć
Pani będzie mieć zastrzyki.,Ty zastrzyki mieć
Pan będzie mieć zastrzyki.,Ty zastrzyki mieć
Pani ma grypę I musi codziennie brać tabletki.,Ty grypa mieć codziennie tabletki brać
Pan ma grypę I musi codziennie brać tabletki.,Ty grypa mieć codziennie tabletki brać
Pani ma anginę I musi codziennie brać tabletki.,Ty angina mieć codziennie tabletki brać
Pan ma anginę I musi codziennie brać tabletki.,Ty angina mieć codziennie tabletki brać
Ma Pani tydzień zwolnienia.,Ty tydzień zwolnienie mieć
Ma Pan tydzień zwolnienia.,Ty tydzień zwolnienie mieć
Na recepcie ma Pani zapisane tabletki na gardło.,Recepta tu zapisać ty mieć tabletki gardło
Na recepcie ma Pan zapisane tabletki na gardło.,Recepta tu zapisać ty mieć tabletki gardło
Na recepcie ma Pani zapisane leki na gardło.,Recepta tu zapisać ty mieć tabletki gardło
Na recepcie ma Pan zapisane leki na gardło.,Recepta tu zapisać ty mieć tabletki gardło
Pani jest w ciąży.,Ty ciąża jest
Kiedy Pani będzie rodzić?,Ty poród kiedy
Pani ma termin porodu na 15 grudzień.,Ty poród grudzień 15
Pani ma termin porodu na 28 grudzień.,Ty poród grudzień 28
Pani ma termin porodu na 10 grudzień.,Ty poród grudzień 10
Musi Pani zrobić badania krwi moczu.,Ty badanie krwi mocz musieć
Czy osoba niepełnosprawna ma ulgę na leki?,Osoba niepełnosprawność leki ulga można
Przed wejściem do gabinetu lekarza proszę zapukać.,Gabinet lekarz zapukać wcześniej
W piątek pójdę do lekarza.,Lekarz piątek pójść
Kiedy przyjmuje lekarz rodzinny?,Lekarz rodzinny przyjmować kiedy
Kiedy przyjmuje neurolog?,Neurolog przyjmować kiedy
Kiedy przyjmuje stomatolog?,Stomatolog przyjmować kiedy
Kiedy przyjmuje reumatolog?,Reumatolog przyjmować kiedy
Kiedy przyjmuje chirurg?,Chirurg przyjmować kiedy
Kiedy przyjmuje ortopeda?,Ortopeda przyjmować kiedy
Kiedy przyjmuje ginekolog?,Ginekolog przyjmować kiedy
Kiedy przyjmuje laryngolog?,Laryngolog przyjmować kiedy
Kiedy przyjmuje psychiatra?,Psychiatra przyjmować kiedy
Kiedy przyjmuje okulista?,Okulista przyjmować kiedy
Kiedy przyjmuje kardiolog?,Kardiolog przyjmować kiedy
Kiedy przyjmuje dermatolog?,Dermatolog przyjmować kiedy
Kiedy przyjmuje pediatra?,Pediatra przyjmować kiedy
Kiedy przyjmuje gastrolog?,Gastrolog przyjmować kiedy
Kiedy przyjmuje urolog?,Urolog przyjmować kiedy
Ta Pani słabo się czuje I muszę zawiadomić pogotowie.,Ona czuć słabo ja pogotowie zawiadomić muszę
Ten Pan słabo się czuje I muszę zawiadomić pogotowie.,On czuć słabo ja pogotowie zawiadomić muszę
Ta Pani słabo się czuje I muszę zawiadomić lekarza.,Ona czuć słabo ja lekarza zawiadomić muszę
Ten Pan słabo się czuje I muszę zawiadomić lekarza.,On czuć słabo ja lekarza zawiadomić muszę
Co Panią boli?,Ty boli co
Co Pana boli?,Ty boli co
Co Panią boli?,Ty boli gdzie
Co Pana boli?,Ty boli gdzie
Czy Pani ma skierowanie?,Ty skierowanie mieć
Czy Pan ma skierowanie?,Ty skierowanie mieć
Czy Pani jest ubezpieczona?,Ty ubezpieczenie mieć
Czy Pan jest ubezpieczony?,Ty ubezpieczenie mieć
Zanieś skierowanie do rejestracji.,Skierowanie rejestracja dać
Ja nie znam języka migowego.,Język migowy ja nie znać
Ja nie znam języka migowego.,Język migowy ja nie umieć
Proszę pokazać mi dowód osobisty.,Twój dowód osobisty pokaż mi
Jaki Pani ma adres?,Ty adres jaki
Jaki Pan ma adres?,Ty adres jaki
W dowodzie mam napisany adres.,Dowód osobisty adres pisać jest
Proszę napisać mi swój adres.,Ty pisać tu adres twój
Ja mieszkam w rzeszowie.,Ja rzeszów mieszkać
Witam co słychać?,Witam co słychać
Dziękuje dobrze.,Dobrze dziekować
Czy Pani pracuje?,Ty praca ma
Czy Pan pracuje?,Ty praca ma
Ja pracuję w spółdzielni.,Ja praca spółdzielnia
Nazywam się nowak.,Ja nazwisko n o w a k
Nazywam się kowalski.,Ja nazwisko k o w a l s k I
Jak Pani ma na imię?,Imię ty
Jak Pan ma na imię?,Imię ty
Mam na imię anna.,Ja imię a n n a
Mam na imię tomasz.,Ja imię t o m a s z
Mam na imię jan.,Ja imię j a n
Mam na imię kacper.,Ja imię k a c p e r
Mam na imię ola.,Ja imię o l a
Jak się Pani czuje?,Czuć jak ty
Jak się Pan czuje?,Czuć jak ty
Proszę usiąść.,Ty usiąść tu
Czy Pani rozumie co mówię?,Ja mówić ty rozumieć
Czy Pan rozumie co mówię?,Ja mówić ty rozumieć
Czy ty jesteś głucha?,Głucha ty
Czy ty jesteś głuchy?,Głuchy ty
Proszę tu napisać swoje nazwisko I imię.,Nazwisko imię twoje napisz tu
Czy Pani umie migać?,Ty umiesz migać
Czy Pan umie migać?,Ty umiesz migać
Proszę do mnie migać powoli.,Ty migać powoli
Trzeba przestrzegać przepisów prawa.,Prawo przepis przestrzegać trzeba
Mam sprawę w sądzie.,Ja sprawa sąd będzie
Pan otrzymał naganę w pracy.,Pan praca nagana było
Otrzymałeś naganę w pracy.,Ty praca nagana było
To są dwie osobne sprawy.,Sprawa 2 osobna
Czy kara będzie wysoka?,Kara jaka
Czy znasz przepisy ustawy?,Ty ustawa przepis wiedzieć
To jest decyzja administracyjna.,To decyzja administracyjna
To są instytucje państwowe,. to instytucje państwowe
Na jakiej ulicy jest zus?,Zus ulica jaka
Na jakiej ulicy jest zus?,Zus ulica jak nazywa
Na jakiej ulicy jest zus?,Zus ulica jaki adres
Gdzie w rzeszowie jest mops?,Mops rzeszów ulica jaka
Gdzie w rzeszowie jest mops?,Mops rzeszów ulica jak nazywa
Gdzie w rzeszowie jest mops?,Mops rzeszów ulica jaki adres
Trzeba napisać odwołanie.,Odwołanie pisać trzeba
Dlaczego Pani nie chce jeść?,Pani jeść nie chcieć dlaczego
Dlaczego Pan nie chce jeść?,Pan jeść nie chcieć dlaczego
Dlaczego nie chcesz jeść?,Ty jeść nie chcieć dlaczego
W szkole trzeba się uczyć.,Szkoła uczyć trzeba
Proszę się zapytać osobiście.,Ty zapytać
To jest szkolny obowiązek.,Szkoła obowiązek
Czy ty dobrze się uczyłeś w szkole?,Ty szkoła nauka dobrze było
To są dobrzy ludzie.,Ludzie dobrze
To jest dobry człowiek.,Ten człowiek dobry
Ja czekam na tego pana.,Ja czekać Pan ten
Co się stało?,Co się stało
Co się stało?,Co się wydarzyło
Czy Pani widziała wypadek?,Pani wypadek widzieć było
Czy widziałaś wypadek?,Ty wypadek widzieć było
Czy te dokumenty są ważne?,Te dokumenty ważne być
To jest ważna sprawa.,To sprawa ważna być
Czy Pan był świadkiem wypadku?,Pan wypadek widzieć było
Czy byłeś świadkiem wypadku?,Ty wypadek widzieć było
Czy Pan był świadkiem wypadku?,Ty świadek było
Czy Pani pamięta co się stało?,Pani pamiętać wydarzyło było
Czy Pan pamięta co się stało?,Pan pamiętać wydarzyło było
Czy pamiętasz co się stało?,Ty pamiętać wydarzyło było
Dzisiaj widziałam wypadek na ulicy.,Dzisiaj ja wypadek ulica widzieć
Ja nie pamiętam co się stało.,Ja zapomnieć wydarzyć
Kiedy Pani może przyjść?,Pani kiedy przyjść
Kiedy możesz przyjść?,Ty kiedy przyjść
Gdzie jest kasa?,Kasa gdzie
Tu jest błąd.,Tu błąd
Czy można podpisać ugodę?,Ugoda podpisać można
Proszę przekazać dokumenty.,Dokumenty przekazać proszę
W jakim rejonie mieszkasz?,Ty mieszkać rejon jaki
Przypominam o terminie.,Termin przypominać
Przypominam o terminie.,Termin pamiętać
Czy polska należy do unii europejskiej?,Polska być unia europa
Czy Pani ma konto w banku?,Pani konto bank masz
Czy Pan ma konto w banku?,Pan konto bank masz
Czy masz konto w banku?,Ty konto bank masz
Trzeba zwrócić kredyt do banku.,Bank rata zwrot trzeba
Trzeba zwrócić kredyt do banku.,Bank rata zwrot musi
Kiedy będzie wypłacona pożyczka?,Pożyczka wypłata kiedy
To jest ostatnia rata.,Rata ostatnia
Czy otrzymałaś zawiadomienie z banku?,Ty bank zawiadomienie było
Ja otrzymuję wypłatę na konto w banku.,Ja konto wypłata
Raty trzeba płacić systematycznie.,Rata systematyczne płacić trzeba
Raty trzeba płacić systematycznie.,Rata systematyczne płacić musieć
Ja potrzebuję wziąć pożyczkę.,Ja pożyczka potrzeba
Koniec ze spłatami rat.,Rata koniec
Kto to jest?,To kto
Jaka jest dzisiaj data?,Data dzisiaj jaka
Ja tutaj mieszkam.,Ja mieszkać tu
Ja tutaj mieszkam.,Ja mieszkać tutaj
W jakim roku?,Rok jaki
Jaki dzisiaj jest dzień?,Dzień dzisiaj jaki
Co to jest?,Co to jest
Proszę odpowiedzieć na pytanie.,Prosić - ja pytać ty
Proszę odpowiedzieć na pytanie.,Odpowiedz - prosić
Proszę migać powoli.,Ja prosić ty migać powoli
Proszę mówić powoli.,Ja prosić ty mówić powoli
Czy jest tłumacz języka migowego?,Tłumacz migać jest
Proszę odpowiedzieć na pytanie.,Ja pytać ty odpowiedź prosić
Ja umiem dobrze migać.,Ja migać dobrze
Ja ciebie nie zrozumiałem.,Ja nie rozumieć ciebie ty powtórzyć
Czy jutro jest poniedziałek?,Jutro poniedziałek
We wtorek mam badanie krwi.,Wtorek ja krew badanie
W środę ja nie pracuję.,Środa ja praca nie będzie
W czwartek miałem kontrolę policji.,Czwartek ja policja kontrola było
Co ty robisz w piątek?,Piątek ty co robić
W sobotę mam urodziny.,Sobota ja urodziny
Niedziela to dzień wolny od pracy.,Niedziela praca wolny
Czy ma Pani dowód osobisty?,Pani dowód mieć
Czy ma Pan dowód osobisty?,Pan dowód mieć
Czy masz dowód osobisty?,Ty dowód mieć
Czy ma Pani dowód osobisty?,Pani dowód masz
Czy ma Pan dowód osobisty?,Pan dowód masz
Czy masz dowód osobisty?,Ty dowód masz
Jaki ma Pani numer dowodu osobistego?,Pani dowód numer jaki
Jaki ma Pan numer dowodu osobistego?,Pan dowód numer jaki
Jaki masz numer dowodu osobistego?,Ty dowód numer jaki
Proszę napisać pesel.,Ty pesel pisać tu
Czy masz paszport?,Ty paszport masz
Na jakiej ulicy jest starostwo powiatowe?,Starostwo powiatowe ulica jaka
Na jakiej ulicy jest starostwo powiatowe?,Starostwo powiatowe ulica jak nazywa
Proszę wniosek na paszport.,Wniosek paszport ja chcieć
Proszę wniosek na paszport.,Wniosek paszport ja prosić
Jaka to jest gmina?,Gmina jaka
Jaka to jest gmina?,Jak nazywa gmina
Ja miekszam w mieście wojewódzkim.,Ja mieszkać miasto województwo
To jest powiat rzeszowski.,To powiat rzeszów
Gdzie jest urząd miasta?,Urząd miasta gdzie
Czy Pani umie mówić?,Pani mówić umieć
Czy Pan umie mówić?,Pan mówić umieć
Czy umiesz mówić?,Ty mówić umieć
Czy ty możesz mówić?,Ty mówić można
Czy Pani umie migać?,Pani migać umieć
Czy Pan umie migać?,Pan migać umieć
Czy umiesz migać?,Ty migać umieć
Czy Pani rozumie co ja migam?,Ja migam - Pani rozumieć
Czy Pan rozumie co ja migam?,Ja migam - Pan rozumieć
Czy rozumiesz co ja migam?,Ja migam - ty rozumieć
Czy możesz powtórzyć nazwisko?,Ty nazwisko powtórzyć można
Ja nie umiem migać.,Ja migać nie umieć
Ja nie rozumiem co ty do mnie migasz.,Ja nie rozumieć ciebie
Jak ta Pani nazywa się?,Ta Pani nazwisko jak
Jak ten Pan nazywa się?,Ten Pan nazwisko jak
Ja nie mogę powiedzieć nazwiska tej pani.,Ja nie powiedzieć nazwisko Pani
Ja nie mogę powiedzieć nazwiska tej pani.,Ja nie powiedzieć nazwisko ona
Ja nie mogę powiedzieć nazwiska tej pani.,Ja nie powiedzieć nazwisko jej
Dobry wieczór czy możemy porozmawiać?,Dobry wieczór ja rozmawiać można
Czy ten Pan był wysoki?,Pan wysoki był
Ja na pewno byłam w domu.,Ja dom na pewno było
Tu jest bezpiecznie.,Tu bezpiecznie
Ja jestem chuda.,Ja chuda jest
Tak ja pracuję.,Tak ja praca
Pani jest młoda.,Pani młoda jest
Ile kosztuje znaczek opłaty skarbowej?,Znaczek opłata skarbowa koszt ile
Trzeba zapłacić podatek leśny i rolny.,Podatek rolny leśny płacić trzeba
Trzeba zapłacić podatek leśny i rolny.,Podatek rolny leśny płacić musieć
Proszę o wydanie zaświadczenia o opłacaniu składek na ubezpieczenie społeczne rolników.,Zaświadczenie opłata składek ubezpieczenie społeczne rolników ja potrzeba-prosić dać mi
Do kiedy jest termin składania pit?,Pit złożyć termin jaki
Do kiedy jest termin składania pit?,Pit złożyć data jaka
Czy w urzędzie skarbowym pracuje tłumacz języka migowego?,Urząd skarbowy tłumacz język migowy pracować jest
Ta Pani się pomyliła.,Ta Pani pomyłka było
Trzeba zapłacić za dowód osobisty.,Dowód osobisty płacić potrzeba
Czy ma Pani zdjęcie paszportowe?,Pani zdjęcie paszport ma
Kto podpisał oświadczenie?,Oświadczenie podpis kto
Proszę napisać numer konta.,Ty numer konta napisać proszę
Proszę tu napisać dzisiejszą datę.,Data dzisiaj napisać proszę
Potrzeba napisać numer dowodu.,Numer dowód napisać potrzeba
Czy ma Pani rodzinę?,Pani rodzina masz
Czy ma Pan rodzinę?,Pan rodzina masz
Czy masz rodzinę?,Ty rodzina masz
Czy Pan jest kawalerem?,Pan kawaler
Czy jesteś kawalerem?,Ty kawaler
Czy Pani jest panną?,Pani panna
Czy jesteś panną?,Ty panna
Czy ma Pani krewnych?,Pani krewni masz
Czy ma Pan krewnych?,Pan krewni masz
Czy masz krewnych?,Ty krewni masz
Czy ma Pani dzieci?,Pani dzieci masz
Czy ma Pan dzieci?,Pan dzieci masz
Czy masz dzieci?,Ty dzieci masz
Ja mam córkę i syna.,Ja córka syn mieć
Ja nie mam rodzeństwa.,Ja rodzeństwo nie mieć
Babcia i dziadek mieszkają na wsi.,Babcia dziadek mieszkać wieś
Mama i tato pracują w gminie.,Mama tata praca gmina
Dzień dobry pani.,Dzień dobry
Dzień dobry panu.,Dzień dobry
Jak się Pani nazywa?,Pani nazwisko
Jak się Pan nazywa?,Pan nazwisko
Jak się nazywasz?,Ty nazwisko
Ja nazywam się.,Ja nazwisko
Czy Pani mnie dobrze widzi?,Pani dobrze widzi
Czy mnie dobrze widzisz?,Ty dobrze widzi
Ja ciebie widzę.,Ja widzieć ciebie
Jaki ma Pani numer domu?,Pani dom numer jaki
Jaki ma Pan numer domu?,Pan dom numer jaki
Jaki masz numer domu?,Ty dom numer jaki
Gdzie Pani mieszka?,Pani mieszkać gdzie
Gdzie Pan mieszka?,Pan mieszkać gdzie
Gdzie mieszkasz?,Ty mieszkać gdzie
Ja mieszkam w rzeszowie.,Ja mieszkać rzeszów
Na jakiej ulicy Pani mieszka?,Ja mieszkać ulica
Na jakiej ulicy Pan mieszka?,Ja mieszkać ulica
Jaki ma Pani adres?,Ty adres jaki
Jaki ma Pan adres?,Ty adres jaki
Czy ma Pani zasiłek?,Pani zasiłek ma
To jest wniosek na zasiłek.,To wniosek zasiłek jest
Ja nie mam dokumentów.,Ja dokumenty nie mieć
Która jest godzina?,Godzina która
Ja nie mam zegarka.,Ja zegarek nie mam
Czy masz komputer w domu?,Ty komputer dom masz
Ja mam internet.,Ja internet mam
Jutro mam spotkanie w zakładzie pracy.,Jutro spotkanie zakład pracy będzie
Czy masz klucze do domu?,Ty klucz dom masz
W zakładzie pracy była kontrola.,Zakład praca kontrola była
Ja lubię pracować na komputerze.,Ja praca komputer lubić
Gdzie można załatwić dodatek mieszkaniowy?,Dodatek mieszkanie załatwić gdzie
Ja nie umiem wypełnić wniosku o dodatek mieszkaniowy.,Wniosek wypełnić jak ja nie wiem
Ja nie umiem wypełnić wniosku o dodatek mieszkaniowy.,Wniosek wypełnić jak ja nie umiem
To jest fundusz remontowy.,To fundusz remontowy jest
Ja mam rentę socjalną.,Ja renta socjalna mam
Czy można to skreślić?,To skreślić można
Gdzie jest biuro straży miejskiej?,Straż miejska biuro gdzie
Trzeba pomagać osobom głuchoniewidomym.,Głuchoniewidomym osobom pomagać rzeba
To wolne miejsce.,To miejsce wolne
Czy ja mam płacić grzywnę?,Ja grzywna płacić jak
Kiedy była interwencja policji?,Policja interwencja kiedy było
Ja lubię oglądać telewizję.,Ja telewizja oglądać lubić
Do głuchych trzeba pisać sms.,Dla głusi sms pisać
Czy to jest Pani telefon?,Pani telefon
Czy to jest Pana telefon?,Pana telefon
Czy to jest twój telefon?,Twój telefon
Czy widziałaś marsz w telewizji?,Ty telewizja marsz oglądać było
Proszę napisać adres e-mail.,Ty e-mail jaki ty pisać tu
Ta niebezpieczna osoba była aresztowana.,Osoba areszt było ona niebezpieczna
Kiedy oddadzą moje dokumenty?,Moje dokumenty zwrot kiedy
Znalazłam dowód osobisty.,Ja dowód osobisty znaleźć
Skradziono mi paszport.,Mój paszport kradzież
To jest zaświadczenie o zarobkach.,To zaświadczenie zarobki
Kiedy można odebrać paszport?,Ja paszport odbiór kiedy
Ja zgubiłam dowód osobisty i paszport.,Ja dowód paszport zgubić
Proszę dać mi dowód.,Ty dowód dać
Ja poszukam dokumenty w domu.,Ja dokumenty dom szukać
Proszę przyjechać dzisiaj do pracy.,Ty praca dzisiaj przyjechać
Gdzie Pani pracuje?,Pani praca gdzie
Ja jestem bezrobotny.,Ja bezrobotny jest
Ja jestem bezrobotny.,Ja bezrobotny być
Proszę złożyć dokumenty.,Prosić dokumenty złożyć
Ja mam emeryturę.,Ja emerytura mam
Ja mam emeryturę.,Ja emerytura mieć
Czy Pani jest rencistką?,Pani rentę mieć
Czy Pani jest rencistką?,Pani rentę ma
Gdzie można załatwić legitymację osoby niepełnosprawnej?,Legitymacja niepełnosprawny załatwic gdzie
Czy ta Pani pomaga osobom niesłyszącym załatwiać sprawy w urzędach?,Sprawy urząd załatwić pomaga Pani
Na tej ulicy jest niebezpiecznie.,Tu ulica niebezpiecznie
O której godzinie było włamanie?,Włamać godzina która było
Jaka dzisiaj jest pogoda?,Pogoda dzisiaj jaka
Proszę siedzieć spokojnie.,Ty spokój siedź
Ja nie lubię deszczu.,Deszcz padać ja nie lubić
Gdzie jest wyjście?,Drzwi wyjście gdzie
To są drzwi wejściowe.,To drzwi wejście
To są drzwi wejściowe.,To drzwi wejść
Włamano się do mojego domu.,Mój dom włamanie było
W mieszkaniu jest bezpiecznie.,Mieszkanie bezpiecznie jest
Jakie Pani ma obywatelstwo?,Pani obywatelstwo jakie
Jakie Pan ma obywatelstwo?,Pan obywatelstwo jakie
Jakie masz obywatelstwo?,Ty obywatelstwo jakie
Ja mam obywatelstwo polskie.,Ja polska obywatel
To jest godło polski.,To godło polska
Jakiej Pani jest narodowości?,Ty narodowość jakie
Jakiej Pani jest narodowości?,Pani narodowość jakie
To jest polska flaga.,To flaga polska
Jak nazywa się prezydent polski?,Prezydent polski nazwisko jakie
Brat pracuje w urzędzie marszałkowskim.,Brat praca urząd marszałkowski
Ile lat pracuje prezes w tym zakładzie?,Prezes praca ten zakład ile lat
Czy Pani jest głucha?,Pani głuchy
Czy Pan jest głuchy?,Pan głuchy
Czy Pani jest głuchoniema?,Pani głuchy
Czy Pan jest głuchoniemy?,Pan głuchy
Czy Pani jest słysząca?,Pani słyszeć
Czy Pan jest słyszący?,Pan słyszeć
Czy jesteś słyszący?,Ty słyszeć
Czy jesteś słyszącą?,Ty słyszeć
Czy Pani ma orzeczenie o niepełnosprawności?,Pani orzeczenie niepełnosprawny miec
Czy Pan ma orzeczenie o niepełnosprawności?,Pan orzeczenie niepełnosprawny miec
Czy masz orzeczenie o niepełnosprawności?,Ty orzeczenie niepełnosprawny miec
Czy Pani ma orzeczenie o niepełnosprawności?,Ty inwalida grupa jak wygląda
Czy Pan ma orzeczenie o niepełnosprawności?,Ty inwalida grupa jak wygląda
Czy masz orzeczenie o niepełnosprawności?,Ty inwalida grupa jak wygląda
Czy Pani umie pisać?,Pani pisać umieć
Czy Pan umie pisać?,Pan pisać umieć
Czy umiesz pisać?,Ty pisać umieć
Czy Pani umie czytać?,Pani czytać umieć
Czy Pan umie czytać?,Pan czytać umieć
Czy umiesz czytać?,Ty czytać umieć
Proszę się tu podpisać.,Ty podpisać tu
Proszę się tu podpisać.,Pani podpisać tu
Proszę się tu podpisać.,Pan podpisać tu
Czy Pani otrzymała wezwanie?,Pani wezwanie masz otrzymać
Czy pan= otrzymał= wezwanie?,Pan wezwanie masz otrzymać
Czy otrzymałeś wezwanie?,Ty wezwanie masz otrzymać
Czy otrzymałaś wezwanie?,Ty wezwanie masz otrzymać
Czy Pani przeczytała wezwanie?,Pani wezwanie czytać było
Czy Pan przeczytała wezwanie?,Pan wezwanie czytać było
Czy przeczytałaś wezwanie?,Ty wezwanie czytać było
Czy przeczytałeś wezwanie?,Ty wezwanie czytać było
Ja nie mam orzeczenia o niepełnosprawności.,Ja orzeczenie niepełnosprawny nie miec
Proszę odpis mojego aktu urodzenia.,Odpis akt urodzenia moj potrzeba proszę
Jaki jest Pani stan cywilny?,Pani panna/mężatka
Ja jestem w separacji dwa lata.,Ja separacja dwa lata być
Jak nazywa się kierownik urzędu stanu cywilnego?,Kierownik urząd stan cywilny nazwisko jak
Jaki jest termin ślubu?,Ślub termin kiedy
Jaki jest termin ślubu?,Ślub termin jaki
Ja potrzebuję akt zgonu.,Ja akt zgonu potrzeba
Ja nie chcę rozwodu.,Ja rozwód nie chcieć
Trzeba wezwać pogotowie.,Pogotowie wezwać
Który to szpital.,Szpital gdzie
Który to szpital.,Szpital który
Który to szpital.,Szpital jaki
Ten człowiek jest nieprzytomny.,Człowiek nieprzytomny
Czy ta Pani była przytomna?,Ta kobieta przytomna było
Czy ta Pani była przytomna?,Ta Pani przytomna było
Ja mam kroplówkę.,Ja kroplówka
Trzeba zrobić opatrunek.,Opatrunek musi
Na ulicy była krew.,Ulica krew było
Trzeba jechać do szpitala.,Szpital jechać
Na jakiej ulicy jest apteka?,Apteka gdzie
Na jakiej ulicy jest apteka?,Apteka ulica jaka
Czy Pani ma konto w banku?,Ty konto bank masz
Czy Pan ma konto w banku?,Ty konto bank masz
Proszę odpowiedzieć na pytanie.,Prosić ja pytać ty odpowiedź
Czy ma Pani rodzinę?,Ty rodzina masz
Czy ma Pan rodzinę?,Ty rodzina masz
Czy twoja rodzina ma niebieską kartę?,Twoja rodzina niebeska karta
Czy Pan jest kawalerem?,Ty kawaler
Czy Pani jest panną?,Ty panna
Czy ma Pani krewnych?,Ty krewni masz
Czy ma Pan krewnych?,Ty krewni masz
Ja jestem rozwódką.,Ja rozwód było
Mój dziadek zmarł 5 lat temu.,Mój dziadek zmarł 5 lat dawno
Czy ma Pani dzieci?,Ty dzieci masz
Czy ma Pan dzieci?,Ty dzieci masz
Moja babcia żyje.,Moja babcia życie
Moja babcia żyje.,Moja babcia żyje
Mąż pracuje na policji.,Mój mąż praca policja
Siostra chodzi na kurs prawa jazdy.,Siostra kurs prawa jazdy chodzić
Gdzie pracuje Pana żona?,Twoja żona praca gdzie
Gdzie pracuje Pana żona?,Pana żona praca gdzie
Mój tata pracuje w szpitalu.,Mój tata praca szpital
Moja mama jest pielęgniarką.,Moja mama pielęgniarka
Ja mam brata i dwie siostry.,Ja jeden brat dwie siostry
Jaki to znak?,To znak jaki
Mam syna i dwie córki.,Ja jeden syn dwie córki
Był wypadek ale wszyscy żyją.,Wypadek było ludzie żyć wszystko
Trzeba odwiedzać chorych w szpitalu.,Szpital chory odwiedzać trzeba
Czy Pani jest ranna?,Ty ranna
Czy Pan jest ranny?,Ty ranna
Czy Pani jest ranna?,Pani ranna
Czy Pan jest ranny?,Pan ranna
Co się stało?,Co stało
Co się stało?,Co wydarzyło
Czy Pani widziała wypadek?,Ty wypadek widzieć było
Czy Pan był świadkiem wypadku?,Ty wypadek widzieć było
Czy Pani pamięta co się stało?,Ty pamiętać wydarzyło było
Czy Pan pamięta co się stało?,Ty pamiętać wydarzyło było
Kiedy Pani może przyjść?,Ty kiedy przyjść
Ten człowiek ma aparat słuchowy.,On aparat słuchowy ma
Ja jestem zdrowa.,Ja zdrowa
Ja jestem chory.,Ja chory
Ten aparat słuchowy jest zepsuty.,Ten aparat słuchowy zepsuty
Proszę się położyć.,Ty leżeć
Jak się Pani czuje?,Ty czuć jak
Jak się Pan czuje?,Ty czuć jak
Jak się Pani czuje?,Pani czuć jak
Jak się Pan czuje?,Pan czuć jak
Czy był Pan świadkiem wypadku?,Ty świadek wypadek było
Czy był Pan świadkiem wypadku?,Pan świadek wypadek było
Ten człowiek zmarł.,Ten człowiek zmarł
Na jakiej ulicy jest urząd gminy?,Urząd gmina ulica jaka
Ja pracuję w urzędzie powiatowym.,Ja praca urząd powiatowy
Ja idę do pracy w mops.,Ja praca mops iść
Gdzie jest zakład ubezpieczeń społecznych?,Zus gdzie
Ja mam rentę zus.,Ja renta zus mieć
Czy w rzeszowie jest starostwo powiatowe?,Starostwo powiatowe rzeszów być
Jaki to jest powiat?,To powiat jaki
To jest województwo podkarpackie.,To województwo podkarpackie
Czy to jest Pani telefon?,Twój Pani telefon
Czy to jest Pana telefon?,Twój Pana telefon
Czy osoba głucha może pracować w ochronie?,Głuchy praca ochrona można
Gdzie jest biuro dyrektora?,Dyrektor biuro gdzie
Czy to jest budynek policji?,To policja budynek
Działania policji są ważne.,Policja ważny działać
O której godzinie będzie inspektor?,Godzina inspektor kiedy
To jest pokój dla kierowników.,Kierownik pokój tu
Co to jest praca odpowiedzialna,Praca odpowiedzialność jak wygląda
Czy inspektor pracuje w tym biurze?,Inspektor praca biuro gdzie
Jakie działania ma policja?,Policja działanie jak wygląda
Jakie działania ma policja?,Policja praca jak wygląda
Trzeba uważać na drodze.,Droga uwaga
Mój samochód jest zepsuty.,Mój samochód zesputy
Dlaczego Pani kłamie?,Ty kłamać dlaczego
Dlaczego Pan kłamie?,Ty kłamać dlaczego
Dlaczego Pani kłamie?,Pani kłamać dlaczego
Dlaczego Pan kłamie?,Pan kłamać dlaczego
Ja Pani pomogę.,Ja pomagać tobie
Ja Panu pomogę.,Ja pomagać tobie
Ja Pani pomogę.,Ja pomagać Pani
Ja Panu pomogę.,Ja pomagać Panu
Czy Pani ma duże mieszkanie?,Ty mieszkanie duże masz
Czy Pan ma duże mieszkanie?,Ty mieszkanie duże masz
Czy Pani ma duże mieszkanie?,Pani mieszkanie duże masz
Czy Pan ma duże mieszkanie?,Pan mieszkanie duże masz
Ja mam zasiłek stały.,Ja zasiłek stałe mam
Ja mam rentę okresową.,Ja renta okresowy
Czy mogę otrzymać pomoc/zapomogę?,Ja pomoc można
Czy mogę otrzymać pomoc/zapomogę?,Ja zapomoga można
Ja mało zarabiam i chcę mieć zasiłek.,Ja zarobek mało zasiłek chcieć
Ja dużo zarabiam.,Ja zarobek dużo
Znalazłam dowód osobisty.,Ja dowód osobisty znalazłam
To jest wyjazd turystyczny.,Ja turysta jechać
Tu jest nakaz skrętu w prawo.,Tu nakaz jazda prawo
Sprawdź czy masz prawo jazdy.,Ty prawo jazdy masz sprawdzać
Trzeba jechać tą drogą pod górę.,Ty droga góra jechać
W którym kierunku trzeba jechać na policję?,Policja gdzie droga jechać jak
To jest niebezpieczny zakręt.,Droga zakręt uwaga nie- bezpiecznie
Jutro mam egzamin na prawo jazdy.,Jutro ja prawo jazdy egzamin będzie
Lubię turystykę górską.,Ja góry turysta lubić
Czy tu można skręcić w lewo?,Tu zakręt lewo można
Czy tu można skręcić w lewo?,Tu zakręt lewo wolno
Muszę sprawdzić nowe przepisy.,Ja przepisy nowe czytać sprawdzić
To ubezpieczenie jest nieważne.,To ubezpieczenie nie ważne
Gdzie jest parking?,Parking gdzie
Ja czekam na pociąg.,Ja pociąg czekać
Ja mam samochód.,Ja samochód mieć
To jest moja tablica rejestracyjna.,To moja tablica rejestracyjna
Skradziono mój rower.,Mój rower kradzież było
W samochodzie był kierowca i 3 pasażerów.,Samochód kierowca 3 p a s a ż e r było
Pan jechał bez biletu.,Ten Pan jechać bilet nie ma
Samochód nie ma ważnego ubezpieczenia.,Samochód ubezpieczenie ważne nie ma
Dlaczego Pani nie chce jeść?,Ty jeść nie chcieć dlaczego
Dlaczego Pan nie chce jeść?,Ty jeść nie chcieć dlaczego
Jak się Pani nazywa?,Ty nazwisko
Jak się Pan nazywa?,Ty nazwisko
Czy Pani mnie dobrze widzi?,Ty dobrze widzi.
Czy Pani mnie dobrze widzi?,Pani dobrze widzi.
Ja nie mam zegarka.,Ja zegarek nie mieć
Czy masz komputer w domu?,Ty komputer dom mieć
Ja mam internet.,Ja internet mieć
Jak nazywa się prezydent polski?,Prezydent polska nazwisko
Posłowie pracują dla kraju.,Poseł praca dla kraj
Kto będzie burmistrzem?,Burmistrz kto będzię
W sejmie jest 460 posłów.,Sejm 460 poseł
Dzisiaj mam rozmowę z prezesem.,Ja dziś prezes rozmowa
Czy ten Pan jest marszałkiem?,Ten Pan marszałek
Jakie są obowiązki premiera?,Premier praca jak wygląda
Gdzie mieszka wójt gminy?,Wójt gmina mieszkać gdzie
Gdzie pracuje sejm i senat?,Sejm senat praca gdzie
Ja nie palę papierosów.,Ja papierosy nie palę
Czy ty masz narkotyki w domu?,Ty narkotyki dom masz
Policja skierowała Pana na badanie krwi.,Ty badanie krwi policja skierowanie
Policja skierowała Pana na badanie krwi.,Pan badanie krwi policja skierowanie
Na tej ulicy jest fotoradar.,Ta ulica fotoradar
Ma Pan 2 promile alkoholu we krwi.,Ty krew promile mieć
Ma Pani 2 promile alkoholu we krwi.,Ty krew promile mieć
Ma Pan 2 promile alkoholu we krwi.,Pan krew promile mieć
Ma Pani 2 promile alkoholu we krwi.,Pani krew promile mieć
Lekarz jest na dyżurze.,Lekarz dyżur
Proszę dmuchać w alkomat.,Alkomat dmuchać
Musimy pobrać krew.,Krew pobranie będzie
Zbada Pana lekarz.,Lekarz badanie będzie
Czy ten Pan był wysoki?,Pan wysoki
Pani jest młoda.,Ty młoda jest
Czy Pani umie mówić?,Ty mówić umieć
Czy Pan umie mówić?,Ty mówić umieć
Czy Pani umie migać?,Ty migać umieć
Czy Pan umie migać?,Ty migać umieć
Czy Pani rozumie co ja migam?,Ja migam ty rozumeć
Czy Pan rozumie co ja migam?,Ja migam ty rozumeć
Czy Pani rozumie co ja migam?,Ja migam Pani rozumeć
Czy Pan rozumie co ja migam?,Ja migam Pan rozumeć
Ja mogę mówić i migać.,Ja mówić migać można
Dobry wieczór czy możemy porozmawiać,. dobry wieczór ja rozmawiać można
Ja mieszkam w mieście.,Ja mieszkać miasto
Ja pracuję na wsi.,Ja praca wieś
Jakiej Pani jest narodowości?,Ty polska obywatelstwo jakie
Jakiej Pani jest narodowości?,Pani polska obywatelstwo jakie
Gdzie państwo mieszkacie?,Państwo mieszkać gdzie
W moim motorze zepsuł się silnik.,Mój motor silnik zepsuty
Czy masz kamizelkę odblaskową?,Ty kamizelka ratunkowa masz
Czy ma Pani gaśnicę?,Ty gaśnica mieć
Czy ma Pan gaśnicę?,Ty gaśnica mieć
Czy ma Pani gaśnicę?,Ty Pani gaśnica mieć
Czy ma Pan gaśnicę?,Ty Pan gaśnica mieć
Te opony są łyse.,Te opony łyse
Tutaj nie wolno wyprzedzać.,Tu wyprzedzać nie wolno
Samochód wjechał na słup.,Samochód słup uderzyć było
Proszę pokazać prawo jazdy.,Ty prawo jazdy dać
Idę na kurs prawa jazdy.,Ja prawo jazdy kurs
Wszystkie osoby głuche jechały w tym samochodzie.,Samochód głuchy wszyscy jechać
W moim domu była awantura.,Mój dom awantura było
Pan musi zapłacić mandat 100 zł.,Ty mandat 100 zł płacić
Pan musi zapłacić mandat 100 zł.,Pan mandat 100 zł płacić
Czy masz skierowanie?,Ty skierowanie masz
Czy tu można pić alkohol?,Alkohol pić tu można
Ten Pan miał kłopoty z prawem.,Ten prawo kłopot było
Ten Pan miał kłopoty z prawem.,Pan prawo kłopot było
Ten Pan miał kłopoty z prawem.,Ten policja kłopot było
Ten Pan miał kłopoty z prawem.,Pan policja kłopot było
Ten Pan jest agresywny.,Pan agresja
Czy ty jesteś trzeźwy?,Ty trzeźwy
Jak będziesz agresywny to założymy ci kajdanki.,Ty agresja kajdanki będzie
Dopalacze i alkohol są niebezpieczne.,Dopalacze alkohol niebezpieczne
Ty masz problemy z alkoholem.,Ty alkohol problem masz
W środę ja nie pracuję,Środa ja praca nie będzie
W środę ja nie pracuję,Środa ja praca nie pracuje
Zapomniałam o kierunkowskazie.,Ja kierunkowskaz zapominać
Pamiętaj włączyć światła.,Ty światła włączyć pamiętać
Proszę pokazać trójkąt ostrzegawczy.,Ty trójkąt kąt ostrzegawczy dać
Nie wolno przejeżdżać na czerwonym świetle.,Czerwone światło jechać nie można
Światła są zepsute.,Światło zepsute
Trzeba włączyć światła.,Światła włączyć
Proszę przeczytać protokół.,Ty protokół czytać
To jest niebieska karta.,To niebieska karta
Proszę pokazać dowód rejestracyjny.,Ty dowód rejestracyjny pokazać
Kto Panią uderzył?,Pani uderzyć kto
Kto Pana uderzył?,Pan uderzyć kto
Proszę wsiąść do radiowozu.,Ty radiowóz wsiadać
Proszę otworzyć bagażnik.,Bagażnik otwierać
Można zamknąć bagażnik.,Bagażnik można zamykać
Skradziono mi torebkę.,Moja torebka kradzież było
Proszę wsiąść do samochodu.,Ty samochód wsiadać
Na drodze jest duży ruch.,Droga samochód dużo
Kiedy jest święto policji?,Policja święto kiedy termin
Jezdnie są śliskie.,Droga ślisko
Jutro będzie ładna pogoda.,Jutro pogoda ładna
Jaki masz termin sprawy na policji.,Policja sprawa termin jaki
Wypadek był tydzień temu.,Wypadek tydzień temu
Jaki masz termin egzaminu na prawo jazdy?,Ty prawo jazdy egzamin kiedy
Trzeba przestrzegać przepisów prawa.,Prawo przepisy przestrzegać trzeba
Pan otrzymał naganę w pracy.,Ty praca nagana było
Czy znasz przepisy ustawy?,Ty ustawa przepisy wiedzieć
Policja użyła kajdanek.,Policja kajdanki było
Czy hamulec i sprzęgło są dobre?,Hamulec sprzęgło dobre
Czy hamulec i sprzęgło są sprawne?,Hamulec sprzęgło dobre
Mój samochód jeździ na gaz.,Mój samochód gaz
Proszę używać pasów bezpieczeństwa.,Ty pasy bezpieczeństwa
Ja mam 15 punktów karnych.,Ja punkty karne 15
Ja mam 4 punktów karnych.,Ja punkty karne 4
Ja mam 20 punktów karnych.,Ja punkty karne 20
Czy zmieniły się przepisy drogowe?,Przepisy jazda zmiana było
Ile można mieć punktów karnych?,Punkty karne ile
Ile trzeba zapłacić za paliwo?,Paliwo płacić ile
Policja kontrolowała kierowców.,Policja kierowcy kontrola było
Ja uczę się przepisów systematycznie.,Ja przepisy nauka systematycznie
Czy ma Pani dokumenty?,Pani dokumenty mieć
Czy ma Pan dokumenty?,Pan dokumenty mieć
Proszę podpisać oświadczenie.,Ty oświadczenie podpisać
Proszę podpisać oświadczenie.,Pani oświadczenie podpisać
Proszę podpisać oświadczenie.,Pan oświadczenie podpisać
Proszę podpisać oświadczenie.,Ty oświadczenie podpis
Proszę podpisać oświadczenie.,Pani oświadczenie podpis
Proszę podpisać oświadczenie.,Pan oświadczenie podpis
Proszę napisać datę urodzenia.,Ty data urodzenia pisać
Proszę napisać datę urodzenia.,Pani data urodzenia pisać
Proszę napisać datę urodzenia.,Pan data urodzenia pisać
Proszę odpowiedzieć na moje pytanie.,Ty odpowiedź do mnie
Proszę odpowiedzieć na moje pytanie.,Pani odpowiedź do mnie
Proszę odpowiedzieć na moje pytanie.,Pan odpowiedź do mnie
Gdzie Pani pracuje?,Ty pracować gdzie
Gdzie Pan pracuje?,Ty pracować gdzie
Gdzie Pani pracuje?,Ty praca gdzie
Gdzie Pan pracuje?,Ty praca gdzie
Gdzie Pani pracuje?,Pani pracować gdzie
Gdzie Pan pracuje?,Pan pracować gdzie
Gdzie Pan pracuje?,Pan praca gdzie
Czy Pani pracuje?,Pani praca mieć
Czy Pan pracuje?,Pan praca mieć
Ja pracuję w zakładzie.,Ja praca zakład
Ile Pani zarabia?,Ty zarabiać ile
Ile Pan zarabia?,Ty zarabiać ile
Ile Pani zarabia?,Pani zarabiać ile
Ile Pan zarabia?,Pan zarabiać ile
Ja nie mam pieniędzy.,Ja pieniądze nie mieć
Ja jestem bezrobotny.,Ja praca nie mieć
Jaki Pani ma stały dochód?,Ty dochód ile
Jaki Pan ma stały dochód?,Ty dochód ile
Jaki Pani ma stały dochód?,Pani dochód ile
Jaki Pan ma stały dochód?,Pan dochód ile
Jaki Pani ma zawód?,Ty zawód jaki
Jaki Pan ma zawód?,Ty zawód jaki
Jaki Pani ma zawód?,Pani zawód jaki
Jaki Pan ma zawód?,Pan zawód jaki
Czy można otworzyć okno?,Okno otworzyć można
Tu nie wolno siedzieć.,Tu siadać nie wolno
Tu nie wolno siadać.,Tu siadać nie wolno
Proszę się zatrzymać.,Ty stop
Proszę wstać.,Ty wstać
Proszę usiąść.,Ty siadać
Czy to krzesło jest wolne?,To krzesło można siadać
Ja wynajmuję mieszkanie.,Ja mieszkanie wynajmować
Proszę zamknąć drzwi.,Drzwi zamykać
Nie wolno otwierać okien.,Okno otworzyć nie wolno
Czy Pani jest głucha?,Ty głuchy
Czy Pan jest głuchy?,Ty głuchy
Czy Pani jest głuchoniema?,Ty głuchy
Czy Pan jest głuchoniemy?,Ty głuchy
Czy Pani jest słysząca?,Ty słyszeć
Czy Pan jest słyszący?,Ty słyszeć
Czy Pani ma orzeczenie o niepełnosprawności?,Ty orzeczenie niepełnosprawny mieć
Czy Pan ma orzeczenie o niepełnosprawności?,Ty orzeczenie niepełnosprawny mieć
Czy Pani ma orzeczenie o niepełnosprawności?,Pani orzeczenie niepełnosprawny mieć
Czy Pan ma orzeczenie o niepełnosprawności?,Pan orzeczenie niepełnosprawny mieć
Czy Pani umie pisać?,Ty pisać umieć
Czy Pan umie pisać?,Ty pisać umieć
Czy Pani umie czytać?,Ty czytać umieć
Czy Pan umie czytać?,Ty czytać umieć
Czy Pan otrzymał wezwanie?,Ty wezwanie masz otrzymać
Czy Pani otrzymała wezwanie?,Ty wezwanie masz otrzymać
Czy Pan otrzymał wezwanie?,Pan wezwanie masz otrzymać
Czy Pani przeczytał wezwanie?,Ty wezwanie czytać było
Czy Pan przeczytał wezwanie?,Ty wezwanie czytać było
Czy Pani przeczytał wezwanie?,Pani wezwanie czytać było
Czy Pan przeczytał wezwanie?,Pan wezwanie czytać było
Ja nie mam orzeczenia o niepełnosprawności.,Ja orzeczenie niepełnosprawny nie mieć
Czy ma Pani dowód osobisty?,Ty dowód mieć
Czy ma Pan dowód osobisty?,Ty dowód mieć
Czy ma Pani paszport?,Ty paszport mieć
Czy ma Pan paszport?,Ty paszport mieć
Czy ma Pani paszport?,Pani paszport mieć
Czy ma Pan paszport?,Pan paszport mieć
Ja mam legitymację.,Ja legitymacja mieć
Ja mam legitymację.,Ja mieć legitymacja
Jaki ma Pani numer dowodu osobistego?,Ty dowód numer jaki
Jaki ma Pan numer dowodu osobistego?,Ty dowód numer jaki
Jaki ma Pani numer domu?,Ty dom numer jaki
Jaki ma Pan numer domu?,Ty dom numer jaki
Lubię miasto rzeszów.,Ja rzeszów lubieć
Dzień dobry.,Dzień dobry
Dzień dobry.,Witać
Chcę złożyć wniosek o wydanie dowodu osobistego.,Ja wniosek dowód1 mieć
Chcę złożyć wniosek o wydanie dowodu osobistego.,Ja wniosek dowód2 mieć
Czy mogę odebrać dowód?,Czy już nowy dowód1
Czy mogę odebrać dowód?,Czy już nowy dowód2
Czy mogę odebrać dowód?,Być mój nowy dowód1
Czy mogę odebrać dowód?,Być mój nowy dowód2
Chcę zgłosić utratę dowodu osobistego.,Ja dowód1 zgubić
Chcę zgłosić utratę dowodu osobistego.,Ja dowód2 zgubić
Chcę złożyć wniosek o wydanie dowodu osobistego dla mojego dziecka.,Ja dowód1 moje dziecko chcieć
Chcę złożyć wniosek o wydanie dowodu osobistego dla mojego dziecka.,Ja dowód2 moje dziecko chcieć
Chcę złożyć wniosek o wydanie dowodu osobistego dla mojej żony.,Ja dowód1 moja żona chcieć
Chcę złożyć wniosek o wydanie dowodu osobistego dla mojej żony.,Ja dowód2 moja żona chcieć
Zmieniłem adres.,Dom przenieść się
Zmieniłem adres.,Mieszkanie zmiana1
Zmieniłem adres.,Mieszkanie zmiana2
Zmieniłem adres.,Adres1 zmiana1
Zmieniłem adres.,Adres2 zmiana1
Zmieniłem adres.,Adres1 zmiana2
Zmieniłem adres.,Adres2 zmiana2
Upłynął termin ważności dowodu.,Dowód1 nieważny
Upłynął termin ważności dowodu.,Dowód2 nieważny
Upłynął termin ważności dowodu.,Dowód1 koniec ważny
Upłynął termin ważności dowodu.,Dowód2 koniec ważny
Z powodu zmiany wizerunku twarzy.,Z powód zmiana wygląd
Zawarłem(am) związek małżeński.,Ja małżeństwo
Zmieniłem(am) nazwisko.,Ja zmiana1 nazwisko
Zmieniłem(am) nazwisko.,Ja zmiana2 nazwisko
Powróciłam do nazwiska rodowego.,Ja przyjmować nazwisko panna
Powróciłam do nazwiska rodowego.,Ja przyjmować nazwisko kawaler
Nastąpiła zmiana imienia ojca.,Ojcieć imię zmiana1
Nastąpiła zmiana imienia ojca.,Ojcieć imię zmiana2
Nastąpiła zmiana imienia matki.,Matka imię zmiana1
Nastąpiła zmiana imienia matki.,Matka imię zmiana2
Tak.,Tak
Dlaczego?,Dlaczego
Nie.,Nie
Dziękuję.,Dziękować1
Dziękuję.,Dziękować2
Nie umiem wypełnić wniosku.,Ja nie wiedzieć wypełnić
Proszę.,Prosić
Nie mam dowodu.,Niemieć dowód1
Nie mam dowodu.,Niemieć dowód2
Nie zabrałem ze sobą dowodu.,Niemieć dowód1
Nie zabrałem ze sobą dowodu.,Niemieć dowód2
To mój pierwszy dowód.,Ja pierwszy raz dowód1 robić
To mój pierwszy dowód.,Ja pierwszy raz dowód2 robić
Nie mam zdjęcia.,Niemieć zdjęcie
Nie mam zdjęcia.,Zdjęcie niemieć
Czy można zgłosić się wcześniej?,Dowód1 odbiór wcześniej można
Czy można zgłosić się wcześniej?,Dowód2 odbiór wcześniej można
Czy można przyśpieszyć produkcję dowodu?,Dowód1 wcześniej gotowy można
Czy można przyśpieszyć produkcję dowodu?,Dowód2 wcześniej gotowy można
Ile płacę za wyrobienie dowodu?,Nowy dowód1 płacić ile
Ile płacę za wyrobienie dowodu?,Nowy dowód2 płacić ile
Nie umiem wypełnić formularza.,Formularz wypełnić nieumieć
Mam uszkodzony dowód.,Mój dowód1 pękąć
Mam uszkodzony dowód.,Mój dowód2 pękąć
Mam uszkodzony dowód.,Mój dowód1 psuć
Mam uszkodzony dowód.,Mój dowód2 psuć
Mam uszkodzony dowód.,Mój dowód1 zniszczyć
Mam uszkodzony dowód.,Mój dowód2 zniszczyć
Do widzenia.,Do widzenia
Chcę złożyć wniosek o wydanie dowodu osobistego.,Chcieć nowy dowód1
Chcę złożyć wniosek o wydanie dowodu osobistego.,Chcieć nowy dowód2
Chcę złożyć wniosek o wydanie dowodu osobistego.,Nowy dowód1 chcieć
Chcę złożyć wniosek o wydanie dowodu osobistego.,Nowy dowód2 chcieć
Czy mogę odebrać dowód?,Dowód1 gotowy
Czy mogę odebrać dowód?,Dowód2 gotowy
Nie umiem wypełnić wniosku.,Papier wniosek wypełnić jak
Nie umiem wypełnić wniosku.,Ja nie rozumieć co to być
Nie umiem wypełnić wniosku.,Ja nie rozumieć co pisac
Nie umiem wypełnić wniosku.,Nie rozumieć to
Nie umiem wypełnić wniosku.,Niewiedzieć to
Nie umiem wypełnić wniosku.,Nie rozumieć - pomysł
Nie umiem wypełnić wniosku.,Co pisać mieć
Nie umiem wypełnić wniosku.,Jak pisać mieć
Proszę mi pomóc.,Prosić pomagać ja
Proszę mi pomóc.,Ja niewiedzieć prosić pomagać ja pusto
Ile płacę za wyrobienie dowodu?,Pieniądze ile nowy dowód1
Ile płacę za wyrobienie dowodu?,Pieniądze ile nowy dowód2
Ile płacę za wyrobienie dowodu?,Ile koszt nowy dowód1
Ile płacę za wyrobienie dowodu?,Ile koszt nowy dowód2
Ile płacę za wyrobienie dowodu?,Ile płacić dowód1
Ile płacę za wyrobienie dowodu?,Ile płacić dowód2
"Nie jestem zameldowany w rzeszowie, czy mogę tutaj złożyć wniosek na dowód osobisty.",Ja rzeszów zameldowanie niemieć wniosek dowód1 dać można
"Nie jestem zameldowany w rzeszowie, czy mogę tutaj złożyć wniosek na dowód osobisty.",Ja rzeszów zameldowanie niemieć wniosek dowód2 dać można
"Nie jestem zameldowany w rzeszowie, czy mogę tutaj złożyć wniosek na dowód osobisty.",Ja rzeszów zameldowanie niemieć wniosek dowód1 złożyć można
"Nie jestem zameldowany w rzeszowie, czy mogę tutaj złożyć wniosek na dowód osobisty.",Ja rzeszów zameldowanie niemieć wniosek dowód2 złożyć można
Proszę powtórzyć.,Powtarzać prosić
Proszę powtórzyć.,Prosić powtarzać
Chcę złożyć wniosek o wydanie dowodu osobistego.,Tu zmiana dowód1
Chcę złożyć wniosek o wydanie dowodu osobistego.,Tu zmiana dowód2
Poproszę o wniosek.,Prosić wniosek
Poproszę o wniosek.,Prosić wniosek dowód1
Poproszę o wniosek.,Prosić wniosek dowód2
Poproszę o wniosek.,Dowód1 wniosek prosić
Poproszę o wniosek.,Dowód2 wniosek prosić
Chcę złożyć wniosek o wydanie dowodu osobistego.,Papier wniosek mieć
Chcę złożyć wniosek o wydanie dowodu osobistego.,Przyjść papier wniosek mieć
Czy moje zdjęcie jest dobre?,Zdjęcie dobre
Ile zdjęć potrzeba?,Ile sztuk zdjęcie potrzeba
Jakie zdjęcie jest potrzebne?,Jakie zdjęcie podać potrzeba
Jakie zdjęcie jest potrzebne?,Jakie zdjęcie pokazać potrzeba
Jak długo trzeba czekać?,Jak długo czekać
Jak długo trzeba czekać?,Ile dni czekać
Jak długo trzeba czekać?,Kiedy gotowy dowód1
Jak długo trzeba czekać?,Kiedy gotowy dowód2
Czy muszę sam odebrać dowód?,Musieć ja odebrać dowód1
Czy muszę sam odebrać dowód?,Musieć ja odebrać dowód2
Zgubiłem dowód.,Dowód1 zgubić
Zgubiłem dowód.,Dowód2 zgubić
Zgubiłem dowód.,Zgubić dowód1
Zgubiłem dowód.,Zgubić dowód2
Mam stary dowód.,Stary dowód1 mieć
Mam stary dowód.,Stary dowód2 mieć
Zmieniłem(am) nazwisko.,Nazwisko zmiana1
Zmieniłem(am) nazwisko.,Nazwisko zmiana2
Zmieniłem(am) nazwisko.,Przeniesc inne spać
Zmieniłem(am) nazwisko.,Już ślub
Mam 18 lat.,Już 18 lat
Mam paszport.,Paszport mieć
